[
  {
    "id": "LC-001",
    "name": "BIG TIPS",
    "brand": "MISC",
    "category": "Lab Consumables",
    "subcategory": "",
    "description": "Contact for details and availability.",
    "specs": {},
    "priceExGst": null,
    "gstPercent": 18,
    "stockStatus": "In Stock",
    "packSize": "N/A",
    "minOrderQty": 1,
    "variants": [],
    "manufacturer": "MISC",
    "manufacturerLocation": "India",
    "images": [
      "assets/images/placeholder.svg"
    ],
    "status": "Active",
    "sortRank": 1
  },
  {
    "id": "LC-002",
    "name": "SMALL TIPS",
    "brand": "MISC",
    "category": "Lab Consumables",
    "subcategory": "",
    "description": "Contact for details and availability.",
    "specs": {},
    "priceExGst": null,
    "gstPercent": 18,
    "stockStatus": "In Stock",
    "packSize": "N/A",
    "minOrderQty": 1,
    "variants": [],
    "manufacturer": "MISC",
    "manufacturerLocation": "India",
    "images": [
      "assets/images/placeholder.svg"
    ],
    "status": "Active",
    "sortRank": 2
  },
  {
    "id": "LC-003",
    "name": "MICROSCOPIC GLASS SLIDE (IMPORTED)",
    "brand": "BOROSIL",
    "category": "Glassware & Capillaries",
    "subcategory": "",
    "description": "Imported microscopic glass slide for laboratory use.",
    "specs": {
      "Size": "75x25x1.25 mm",
      "Material": "Glass",
      "Packaging": "50 pcs"
    },
    "priceExGst": null,
    "gstPercent": 18,
    "stockStatus": "In Stock",
    "packSize": "50 pcs",
    "minOrderQty": 1,
    "variants": [],
    "manufacturer": "BOROSIL",
    "manufacturerLocation": "India",
    "images": [
      "assets/images/Microscopic Glass Slide.png"
    ],
    "status": "Active",
    "sortRank": 3
  },
  {
    "id": "LC-004",
    "name": "DISTILLED WATER",
    "brand": "MISC",
    "category": "Lab Consumables",
    "subcategory": "",
    "description": "Contact for details and availability.",
    "specs": {},
    "priceExGst": null,
    "gstPercent": 18,
    "stockStatus": "In Stock",
    "packSize": "N/A",
    "minOrderQty": 1,
    "variants": [],
    "manufacturer": "MISC",
    "manufacturerLocation": "India",
    "images": [
      "assets/images/placeholder.svg"
    ],
    "status": "Active",
    "sortRank": 4
  },
  {
    "id": "LC-005",
    "name": "URINE STRIPS (10 parameters)",
    "brand": "ABOTT",
    "category": "Lab Consumables",
    "subcategory": "",
    "description": "Contact for details and availability.",
    "specs": {},
    "priceExGst": null,
    "gstPercent": 18,
    "stockStatus": "In Stock",
    "packSize": "N/A",
    "minOrderQty": 1,
    "variants": [],
    "manufacturer": "ABOTT",
    "manufacturerLocation": "India",
    "images": [
      "assets/images/placeholder.svg"
    ],
    "status": "Active",
    "sortRank": 5
  },
  {
    "id": "LC-006",
    "name": "URINE STRIPS (10 parameters)",
    "brand": "Mission",
    "category": "Lab Consumables",
    "subcategory": "",
    "description": "Contact for details and availability.",
    "specs": {},
    "priceExGst": null,
    "gstPercent": 18,
    "stockStatus": "In Stock",
    "packSize": "N/A",
    "minOrderQty": 1,
    "variants": [],
    "manufacturer": "Mission",
    "manufacturerLocation": "India",
    "images": [
      "assets/images/placeholder.svg"
    ],
    "status": "Active",
    "sortRank": 6
  },
  {
    "id": "LC-007",
    "name": "PT-INR VIAL NV",
    "brand": "AMD",
    "category": "Lab Consumables",
    "subcategory": "",
    "description": "Contact for details and availability.",
    "specs": {},
    "priceExGst": null,
    "gstPercent": 18,
    "stockStatus": "In Stock",
    "packSize": "N/A",
    "minOrderQty": 1,
    "variants": [],
    "manufacturer": "AMD",
    "manufacturerLocation": "India",
    "images": [
      "assets/images/placeholder.svg"
    ],
    "status": "Active",
    "sortRank": 7
  },
  {
    "id": "LC-008",
    "name": "PT-INR VIAL NV",
    "brand": "xinle",
    "category": "Lab Consumables",
    "subcategory": "",
    "description": "Contact for details and availability.",
    "specs": {},
    "priceExGst": null,
    "gstPercent": 18,
    "stockStatus": "In Stock",
    "packSize": "N/A",
    "minOrderQty": 1,
    "variants": [],
    "manufacturer": "xinle",
    "manufacturerLocation": "India",
    "images": [
      "assets/images/placeholder.svg"
    ],
    "status": "Active",
    "sortRank": 8
  },
  {
    "id": "LC-009",
    "name": "SYRINGE 3ml",
    "brand": "TOUCH-ONE",
    "category": "Lab Consumables",
    "subcategory": "",
    "description": "Contact for details and availability.",
    "specs": {},
    "priceExGst": null,
    "gstPercent": 18,
    "stockStatus": "In Stock",
    "packSize": "N/A",
    "minOrderQty": 1,
    "variants": [],
    "manufacturer": "TOUCH-ONE",
    "manufacturerLocation": "India",
    "images": [
      "assets/images/placeholder.svg"
    ],
    "status": "Active",
    "sortRank": 9
  },
  {
    "id": "LC-010",
    "name": "SYRINGE 5ml",
    "brand": "TOUCH-ONE",
    "category": "Lab Consumables",
    "subcategory": "",
    "description": "Contact for details and availability.",
    "specs": {},
    "priceExGst": null,
    "gstPercent": 18,
    "stockStatus": "In Stock",
    "packSize": "N/A",
    "minOrderQty": 1,
    "variants": [],
    "manufacturer": "TOUCH-ONE",
    "manufacturerLocation": "India",
    "images": [
      "assets/images/placeholder.svg"
    ],
    "status": "Active",
    "sortRank": 10
  },
  {
    "id": "LC-011",
    "name": "EDTA TUBE",
    "brand": "AMD",
    "category": "Lab Consumables",
    "subcategory": "",
    "description": "Contact for details and availability.",
    "specs": {},
    "priceExGst": null,
    "gstPercent": 18,
    "stockStatus": "In Stock",
    "packSize": "N/A",
    "minOrderQty": 1,
    "variants": [],
    "manufacturer": "AMD",
    "manufacturerLocation": "India",
    "images": [
      "assets/images/placeholder.svg"
    ],
    "status": "Active",
    "sortRank": 11
  },
  {
    "id": "LC-012",
    "name": "PLAIN TUBE",
    "brand": "AMD",
    "category": "Lab Consumables",
    "subcategory": "",
    "description": "Contact for details and availability.",
    "specs": {},
    "priceExGst": null,
    "gstPercent": 18,
    "stockStatus": "In Stock",
    "packSize": "N/A",
    "minOrderQty": 1,
    "variants": [],
    "manufacturer": "AMD",
    "manufacturerLocation": "India",
    "images": [
      "assets/images/placeholder.svg"
    ],
    "status": "Active",
    "sortRank": 12
  },
  {
    "id": "LC-013",
    "name": "SODIUM CITRATE",
    "brand": "AMD",
    "category": "Lab Consumables",
    "subcategory": "",
    "description": "Contact for details and availability.",
    "specs": {},
    "priceExGst": null,
    "gstPercent": 18,
    "stockStatus": "In Stock",
    "packSize": "N/A",
    "minOrderQty": 1,
    "variants": [],
    "manufacturer": "AMD",
    "manufacturerLocation": "India",
    "images": [
      "assets/images/placeholder.svg"
    ],
    "status": "Active",
    "sortRank": 13
  },
  {
    "id": "LC-014",
    "name": "SUGAR VIAL",
    "brand": "AMD",
    "category": "Lab Consumables",
    "subcategory": "",
    "description": "Contact for details and availability.",
    "specs": {},
    "priceExGst": null,
    "gstPercent": 18,
    "stockStatus": "In Stock",
    "packSize": "N/A",
    "minOrderQty": 1,
    "variants": [],
    "manufacturer": "AMD",
    "manufacturerLocation": "India",
    "images": [
      "assets/images/placeholder.svg"
    ],
    "status": "Active",
    "sortRank": 14
  },
  {
    "id": "LC-015",
    "name": "TISSUE ROLL",
    "brand": "MISC",
    "category": "Lab Consumables",
    "subcategory": "",
    "description": "Contact for details and availability.",
    "specs": {},
    "priceExGst": null,
    "gstPercent": 18,
    "stockStatus": "In Stock",
    "packSize": "N/A",
    "minOrderQty": 1,
    "variants": [],
    "manufacturer": "MISC",
    "manufacturerLocation": "India",
    "images": [
      "assets/images/placeholder.svg"
    ],
    "status": "Active",
    "sortRank": 15
  },
  {
    "id": "LC-016",
    "name": "URINE CONTAINER",
    "brand": "MISC",
    "category": "Sample Collection Containers",
    "subcategory": "",
    "description": "Polypropylene urine container with screw cap; label and packing options.",
    "specs": {
      "Material": "Polypropylene",
      "Cap Type": "Screw",
      "Label": "Optional"
    },
    "priceExGst": null,
    "gstPercent": 18,
    "stockStatus": "In Stock",
    "packSize": "Varies",
    "minOrderQty": 1,
    "variants": [
      {
        "name": "Option",
        "value": "30 mL / No label / 100 pcs"
      },
      {
        "name": "Option",
        "value": "30 mL / Label / 100 pcs"
      },
      {
        "name": "Option",
        "value": "30 mL / Individually packed / Label / 100 pcs"
      },
      {
        "name": "Option",
        "value": "50 mL / Individually packed / Label / 100 pcs"
      },
      {
        "name": "Option",
        "value": "100 mL / Individually packed / Label / 100 pcs"
      }
    ],
    "manufacturer": "MISC",
    "manufacturerLocation": "India",
    "images": [
      "assets/images/URINE CONTAINER.png"
    ],
    "status": "Active",
    "sortRank": 16
  },
  {
    "id": "LC-017",
    "name": "ESR TUBES",
    "brand": "MISC",
    "category": "Lab Consumables",
    "subcategory": "",
    "description": "Contact for details and availability.",
    "specs": {},
    "priceExGst": null,
    "gstPercent": 18,
    "stockStatus": "In Stock",
    "packSize": "N/A",
    "minOrderQty": 1,
    "variants": [],
    "manufacturer": "MISC",
    "manufacturerLocation": "India",
    "images": [
      "assets/images/placeholder.svg"
    ],
    "status": "Active",
    "sortRank": 17
  },
  {
    "id": "LC-018",
    "name": "SWAB STICK TUBE",
    "brand": "MISC",
    "category": "Lab Consumables",
    "subcategory": "",
    "description": "Contact for details and availability.",
    "specs": {},
    "priceExGst": null,
    "gstPercent": 18,
    "stockStatus": "In Stock",
    "packSize": "N/A",
    "minOrderQty": 1,
    "variants": [],
    "manufacturer": "MISC",
    "manufacturerLocation": "India",
    "images": [
      "assets/images/placeholder.svg"
    ],
    "status": "Active",
    "sortRank": 18
  },
  {
    "id": "LC-019",
    "name": "RIA VIAL",
    "brand": "MISC",
    "category": "Blood Collection & RIA Vials",
    "subcategory": "",
    "description": "RIA vial for laboratory use.",
    "specs": {
      "Size": "12x75 mm",
      "Capacity": "5 mL",
      "Material": "Polystyrene",
      "Packaging": "500 pcs"
    },
    "priceExGst": null,
    "gstPercent": 18,
    "stockStatus": "In Stock",
    "packSize": "500 pcs",
    "minOrderQty": 1,
    "variants": [],
    "manufacturer": "MISC",
    "manufacturerLocation": "India",
    "images": [
      "assets/images/RIA Vial.png"
    ],
    "status": "Active",
    "sortRank": 19
  },
  {
    "id": "LC-020",
    "name": "SPIRIT 1ltr",
    "brand": "MISC",
    "category": "Lab Consumables",
    "subcategory": "",
    "description": "Contact for details and availability.",
    "specs": {},
    "priceExGst": null,
    "gstPercent": 18,
    "stockStatus": "In Stock",
    "packSize": "N/A",
    "minOrderQty": 1,
    "variants": [],
    "manufacturer": "MISC",
    "manufacturerLocation": "India",
    "images": [
      "assets/images/placeholder.svg"
    ],
    "status": "Active",
    "sortRank": 20
  },
  {
    "id": "LC-021",
    "name": "COTTON ROLL",
    "brand": "SHIVA",
    "category": "Lab Consumables",
    "subcategory": "",
    "description": "Contact for details and availability.",
    "specs": {},
    "priceExGst": null,
    "gstPercent": 18,
    "stockStatus": "In Stock",
    "packSize": "N/A",
    "minOrderQty": 1,
    "variants": [],
    "manufacturer": "SHIVA",
    "manufacturerLocation": "India",
    "images": [
      "assets/images/placeholder.svg"
    ],
    "status": "Active",
    "sortRank": 21
  },
  {
    "id": "LC-022",
    "name": "Uni-Plastin",
    "brand": "Tulip",
    "category": "Lab Consumables",
    "subcategory": "",
    "description": "Contact for details and availability.",
    "specs": {},
    "priceExGst": null,
    "gstPercent": 18,
    "stockStatus": "In Stock",
    "packSize": "N/A",
    "minOrderQty": 1,
    "variants": [],
    "manufacturer": "Tulip",
    "manufacturerLocation": "India",
    "images": [
      "assets/images/placeholder.svg"
    ],
    "status": "Active",
    "sortRank": 22
  },
  {
    "id": "LC-023",
    "name": "Examination-Gloves",
    "brand": "MISC",
    "category": "Lab Consumables",
    "subcategory": "",
    "description": "Contact for details and availability.",
    "specs": {},
    "priceExGst": null,
    "gstPercent": 18,
    "stockStatus": "In Stock",
    "packSize": "N/A",
    "minOrderQty": 1,
    "variants": [],
    "manufacturer": "MISC",
    "manufacturerLocation": "India",
    "images": [
      "assets/images/placeholder.svg"
    ],
    "status": "Active",
    "sortRank": 23
  },
  {
    "id": "LC-024",
    "name": "Round Bandage",
    "brand": "Bosorosil",
    "category": "Lab Consumables",
    "subcategory": "",
    "description": "Contact for details and availability.",
    "specs": {},
    "priceExGst": null,
    "gstPercent": 18,
    "stockStatus": "In Stock",
    "packSize": "N/A",
    "minOrderQty": 1,
    "variants": [],
    "manufacturer": "Bosorosil",
    "manufacturerLocation": "India",
    "images": [
      "assets/images/placeholder.svg"
    ],
    "status": "Active",
    "sortRank": 24
  },
  {
    "id": "LC-025",
    "name": "MICROPIPETTE TIP (PLAIN/GRADUATED)",
    "brand": "MISC",
    "category": "Micropipette Tips & Accessories",
    "subcategory": "",
    "description": "Polypropylene micropipette tips with multiple sizes and colors.",
    "specs": {
      "Material": "Polypropylene",
      "Sterile": "No"
    },
    "priceExGst": null,
    "gstPercent": 18,
    "stockStatus": "In Stock",
    "packSize": "Varies",
    "minOrderQty": 1,
    "variants": [
      {
        "name": "Option",
        "value": "1000 uL / Blue / 500 pcs"
      },
      {
        "name": "Option",
        "value": "1000 uL / White / 500 pcs"
      },
      {
        "name": "Option",
        "value": "200 uL / White / 1000 pcs"
      },
      {
        "name": "Option",
        "value": "200 uL / Yellow / 1000 pcs"
      },
      {
        "name": "Option",
        "value": "10 uL / White / 1000 pcs"
      }
    ],
    "manufacturer": "MISC",
    "manufacturerLocation": "India",
    "images": [
      "assets/images/Micropipette Tips.png",
      "assets/images/MICROPIPETTE TIP 1000 UL.png"
    ],
    "status": "Active",
    "sortRank": 25
  },
  {
    "id": "LC-026",
    "name": "STOOL CONTAINER (50 ml)",
    "brand": "MISC",
    "category": "Sample Collection Containers",
    "subcategory": "",
    "description": "50 ml polypropylene stool container with screw cap and label.",
    "specs": {
      "Size": "50 ml",
      "Material": "Polypropylene",
      "Pack size": "100 pcs",
      "Cap": "Screw cap with label"
    },
    "priceExGst": null,
    "gstPercent": 18,
    "stockStatus": "In Stock",
    "packSize": "100 pcs",
    "minOrderQty": 1,
    "variants": [],
    "manufacturer": "MISC",
    "manufacturerLocation": "India",
    "images": [
      "assets/images/stool container.png"
    ],
    "status": "Active",
    "sortRank": 26
  },
  {
    "id": "LC-027",
    "name": "FILTER TIP WITH RACK (DNA/RNA FREE)",
    "brand": "MISC",
    "category": "Micropipette Tips & Accessories",
    "subcategory": "",
    "description": "DNA/RNA free filter tips with rack.",
    "specs": {
      "Material": "Polypropylene",
      "Sterile": "Yes",
      "Rack": "Included"
    },
    "priceExGst": null,
    "gstPercent": 18,
    "stockStatus": "In Stock",
    "packSize": "Varies",
    "minOrderQty": 1,
    "variants": [
      {
        "name": "Option",
        "value": "1000 uL / 100 tips"
      },
      {
        "name": "Option",
        "value": "200 uL / 96 tips"
      },
      {
        "name": "Option",
        "value": "100 uL / 96 tips"
      },
      {
        "name": "Option",
        "value": "20 uL / 96 tips"
      },
      {
        "name": "Option",
        "value": "10 uL / 96 tips"
      }
    ],
    "manufacturer": "MISC",
    "manufacturerLocation": "India",
    "images": [
      "assets/images/FilterTipWithRackDnaRnaFree.jpg",
      "assets/images/Filter Tip with Rack DNA-RNA Free.png"
    ],
    "status": "Active",
    "sortRank": 27
  },
  {
    "id": "RT-001",
    "name": "HbSag",
    "brand": "Medline",
    "category": "Rapid Test",
    "subcategory": "",
    "description": "Contact for details and availability.",
    "specs": {},
    "priceExGst": null,
    "gstPercent": 18,
    "stockStatus": "In Stock",
    "packSize": "N/A",
    "minOrderQty": 1,
    "variants": [],
    "manufacturer": "Medline",
    "manufacturerLocation": "India",
    "images": [
      "assets/images/placeholder.svg"
    ],
    "status": "Active",
    "sortRank": 1
  },
  {
    "id": "RT-002",
    "name": "HIV",
    "brand": "Medline",
    "category": "Rapid Test",
    "subcategory": "",
    "description": "Contact for details and availability.",
    "specs": {},
    "priceExGst": null,
    "gstPercent": 18,
    "stockStatus": "In Stock",
    "packSize": "N/A",
    "minOrderQty": 1,
    "variants": [],
    "manufacturer": "Medline",
    "manufacturerLocation": "India",
    "images": [
      "assets/images/placeholder.svg"
    ],
    "status": "Active",
    "sortRank": 2
  },
  {
    "id": "RT-003",
    "name": "HCV",
    "brand": "Medline",
    "category": "Rapid Test",
    "subcategory": "",
    "description": "Contact for details and availability.",
    "specs": {},
    "priceExGst": null,
    "gstPercent": 18,
    "stockStatus": "In Stock",
    "packSize": "N/A",
    "minOrderQty": 1,
    "variants": [],
    "manufacturer": "Medline",
    "manufacturerLocation": "India",
    "images": [
      "assets/images/placeholder.svg"
    ],
    "status": "Active",
    "sortRank": 3
  },
  {
    "id": "RT-004",
    "name": "TYPHIDOT",
    "brand": "Medline",
    "category": "Rapid Test",
    "subcategory": "",
    "description": "Contact for details and availability.",
    "specs": {},
    "priceExGst": null,
    "gstPercent": 18,
    "stockStatus": "In Stock",
    "packSize": "N/A",
    "minOrderQty": 1,
    "variants": [],
    "manufacturer": "Medline",
    "manufacturerLocation": "India",
    "images": [
      "assets/images/placeholder.svg"
    ],
    "status": "Active",
    "sortRank": 4
  },
  {
    "id": "RT-005",
    "name": "Malaria",
    "brand": "Medline",
    "category": "Rapid Test",
    "subcategory": "",
    "description": "Contact for details and availability.",
    "specs": {},
    "priceExGst": null,
    "gstPercent": 18,
    "stockStatus": "In Stock",
    "packSize": "N/A",
    "minOrderQty": 1,
    "variants": [],
    "manufacturer": "Medline",
    "manufacturerLocation": "India",
    "images": [
      "assets/images/placeholder.svg"
    ],
    "status": "Active",
    "sortRank": 5
  },
  {
    "id": "RT-006",
    "name": "Dengue Combo",
    "brand": "Medline",
    "category": "Rapid Test",
    "subcategory": "",
    "description": "Contact for details and availability.",
    "specs": {},
    "priceExGst": null,
    "gstPercent": 18,
    "stockStatus": "In Stock",
    "packSize": "N/A",
    "minOrderQty": 1,
    "variants": [],
    "manufacturer": "Medline",
    "manufacturerLocation": "India",
    "images": [
      "assets/images/placeholder.svg"
    ],
    "status": "Active",
    "sortRank": 6
  },
  {
    "id": "RT-007",
    "name": "Blood Group",
    "brand": "Arkray",
    "category": "Rapid Test",
    "subcategory": "",
    "description": "Contact for details and availability.",
    "specs": {},
    "priceExGst": null,
    "gstPercent": 18,
    "stockStatus": "In Stock",
    "packSize": "N/A",
    "minOrderQty": 1,
    "variants": [],
    "manufacturer": "Arkray",
    "manufacturerLocation": "India",
    "images": [
      "assets/images/placeholder.svg"
    ],
    "status": "Active",
    "sortRank": 7
  },
  {
    "id": "RT-008",
    "name": "Blood Group",
    "brand": "Meril",
    "category": "Rapid Test",
    "subcategory": "",
    "description": "Contact for details and availability.",
    "specs": {},
    "priceExGst": null,
    "gstPercent": 18,
    "stockStatus": "In Stock",
    "packSize": "N/A",
    "minOrderQty": 1,
    "variants": [],
    "manufacturer": "Meril",
    "manufacturerLocation": "India",
    "images": [
      "assets/images/placeholder.svg"
    ],
    "status": "Active",
    "sortRank": 8
  },
  {
    "id": "RT-009",
    "name": "TROP-T",
    "brand": "Roche",
    "category": "Rapid Test",
    "subcategory": "",
    "description": "Contact for details and availability.",
    "specs": {},
    "priceExGst": null,
    "gstPercent": 18,
    "stockStatus": "In Stock",
    "packSize": "N/A",
    "minOrderQty": 1,
    "variants": [],
    "manufacturer": "Roche",
    "manufacturerLocation": "India",
    "images": [
      "assets/images/placeholder.svg"
    ],
    "status": "Active",
    "sortRank": 9
  },
  {
    "id": "RT-010",
    "name": "Syphlis",
    "brand": "Medline",
    "category": "Rapid Test",
    "subcategory": "",
    "description": "Contact for details and availability.",
    "specs": {},
    "priceExGst": null,
    "gstPercent": 18,
    "stockStatus": "In Stock",
    "packSize": "N/A",
    "minOrderQty": 1,
    "variants": [],
    "manufacturer": "Medline",
    "manufacturerLocation": "India",
    "images": [
      "assets/images/placeholder.svg"
    ],
    "status": "Active",
    "sortRank": 10
  },
  {
    "id": "RT-011",
    "name": "Dengue NS1",
    "brand": "Medline",
    "category": "Rapid Test",
    "subcategory": "",
    "description": "Contact for details and availability.",
    "specs": {},
    "priceExGst": null,
    "gstPercent": 18,
    "stockStatus": "In Stock",
    "packSize": "N/A",
    "minOrderQty": 1,
    "variants": [],
    "manufacturer": "Medline",
    "manufacturerLocation": "India",
    "images": [
      "assets/images/placeholder.svg"
    ],
    "status": "Active",
    "sortRank": 11
  },
  {
    "id": "RT-012",
    "name": "Pregnanacy",
    "brand": "Medline",
    "category": "Rapid Test",
    "subcategory": "",
    "description": "Contact for details and availability.",
    "specs": {},
    "priceExGst": null,
    "gstPercent": 18,
    "stockStatus": "In Stock",
    "packSize": "N/A",
    "minOrderQty": 1,
    "variants": [],
    "manufacturer": "Medline",
    "manufacturerLocation": "India",
    "images": [
      "assets/images/placeholder.svg"
    ],
    "status": "Active",
    "sortRank": 12
  },
  {
    "id": "RT-013",
    "name": "TROP-I",
    "brand": "Medline",
    "category": "Rapid Test",
    "subcategory": "",
    "description": "Contact for details and availability.",
    "specs": {},
    "priceExGst": null,
    "gstPercent": 18,
    "stockStatus": "In Stock",
    "packSize": "N/A",
    "minOrderQty": 1,
    "variants": [],
    "manufacturer": "Medline",
    "manufacturerLocation": "India",
    "images": [
      "assets/images/placeholder.svg"
    ],
    "status": "Active",
    "sortRank": 13
  },
  {
    "id": "RT-014",
    "name": "Widal",
    "brand": "Beacon",
    "category": "Rapid Test",
    "subcategory": "",
    "description": "Contact for details and availability.",
    "specs": {},
    "priceExGst": null,
    "gstPercent": 18,
    "stockStatus": "In Stock",
    "packSize": "N/A",
    "minOrderQty": 1,
    "variants": [],
    "manufacturer": "Beacon",
    "manufacturerLocation": "India",
    "images": [
      "assets/images/placeholder.svg"
    ],
    "status": "Active",
    "sortRank": 14
  },
  {
    "id": "RT-015",
    "name": "Widal",
    "brand": "Tydal",
    "category": "Rapid Test",
    "subcategory": "",
    "description": "Contact for details and availability.",
    "specs": {},
    "priceExGst": null,
    "gstPercent": 18,
    "stockStatus": "In Stock",
    "packSize": "N/A",
    "minOrderQty": 1,
    "variants": [],
    "manufacturer": "Tydal",
    "manufacturerLocation": "India",
    "images": [
      "assets/images/placeholder.svg"
    ],
    "status": "Active",
    "sortRank": 15
  },
  {
    "id": "MB-001",
    "name": "Muller Hinton Agar",
    "brand": "HI-MEDIA",
    "category": "Micro-Biology",
    "subcategory": "",
    "description": "Contact for details and availability.",
    "specs": {},
    "priceExGst": null,
    "gstPercent": 18,
    "stockStatus": "In Stock",
    "packSize": "N/A",
    "minOrderQty": 1,
    "variants": [],
    "manufacturer": "HI-MEDIA",
    "manufacturerLocation": "India",
    "images": [
      "assets/images/placeholder.svg"
    ],
    "status": "Active",
    "sortRank": 1
  },
  {
    "id": "MB-002",
    "name": "MaCconkey Agar",
    "brand": "HI-MEDIA",
    "category": "Micro-Biology",
    "subcategory": "",
    "description": "Contact for details and availability.",
    "specs": {},
    "priceExGst": null,
    "gstPercent": 18,
    "stockStatus": "In Stock",
    "packSize": "N/A",
    "minOrderQty": 1,
    "variants": [],
    "manufacturer": "HI-MEDIA",
    "manufacturerLocation": "India",
    "images": [
      "assets/images/placeholder.svg"
    ],
    "status": "Active",
    "sortRank": 2
  },
  {
    "id": "MB-003",
    "name": "Nutrient Agar",
    "brand": "HI-MEDIA",
    "category": "Micro-Biology",
    "subcategory": "",
    "description": "Contact for details and availability.",
    "specs": {},
    "priceExGst": null,
    "gstPercent": 18,
    "stockStatus": "In Stock",
    "packSize": "N/A",
    "minOrderQty": 1,
    "variants": [],
    "manufacturer": "HI-MEDIA",
    "manufacturerLocation": "India",
    "images": [
      "assets/images/placeholder.svg"
    ],
    "status": "Active",
    "sortRank": 3
  },
  {
    "id": "MB-004",
    "name": "UTI HI-CHORME AGAR",
    "brand": "HI-MEDIA",
    "category": "Micro-Biology",
    "subcategory": "",
    "description": "Contact for details and availability.",
    "specs": {},
    "priceExGst": null,
    "gstPercent": 18,
    "stockStatus": "In Stock",
    "packSize": "N/A",
    "minOrderQty": 1,
    "variants": [],
    "manufacturer": "HI-MEDIA",
    "manufacturerLocation": "India",
    "images": [
      "assets/images/placeholder.svg"
    ],
    "status": "Active",
    "sortRank": 4
  },
  {
    "id": "MB-005",
    "name": "READY TO USE BOTTLES (AGAR)",
    "brand": "PUTUS MEDIA",
    "category": "Micro-Biology",
    "subcategory": "",
    "description": "Contact for details and availability.",
    "specs": {},
    "priceExGst": null,
    "gstPercent": 18,
    "stockStatus": "In Stock",
    "packSize": "N/A",
    "minOrderQty": 1,
    "variants": [],
    "manufacturer": "PUTUS MEDIA",
    "manufacturerLocation": "India",
    "images": [
      "assets/images/placeholder.svg"
    ],
    "status": "Active",
    "sortRank": 5
  },
  {
    "id": "MB-006",
    "name": "BLOOD CULTURE BOTTLES",
    "brand": "PUTUS MEDIA",
    "category": "Micro-Biology",
    "subcategory": "",
    "description": "Contact for details and availability.",
    "specs": {},
    "priceExGst": null,
    "gstPercent": 18,
    "stockStatus": "In Stock",
    "packSize": "N/A",
    "minOrderQty": 1,
    "variants": [],
    "manufacturer": "PUTUS MEDIA",
    "manufacturerLocation": "India",
    "images": [
      "assets/images/placeholder.svg"
    ],
    "status": "Active",
    "sortRank": 6
  },
  {
    "id": "MB-007",
    "name": "BLOOD CULTURE BOTTLES",
    "brand": "PUTUS MEDIA",
    "category": "Micro-Biology",
    "subcategory": "",
    "description": "Contact for details and availability.",
    "specs": {},
    "priceExGst": null,
    "gstPercent": 18,
    "stockStatus": "In Stock",
    "packSize": "N/A",
    "minOrderQty": 1,
    "variants": [],
    "manufacturer": "PUTUS MEDIA",
    "manufacturerLocation": "India",
    "images": [
      "assets/images/placeholder.svg"
    ],
    "status": "Active",
    "sortRank": 7
  },
  {
    "id": "MPT-BOX",
    "name": "MICROPIPETTE TIP BOX",
    "brand": "MISC",
    "category": "Micropipette Tips & Accessories",
    "subcategory": "",
    "description": "Micropipette tip box with multiple size options.",
    "specs": {
      "Material": "Polypropylene"
    },
    "priceExGst": null,
    "gstPercent": 18,
    "stockStatus": "In Stock",
    "packSize": "Varies",
    "minOrderQty": 1,
    "variants": [
      {
        "name": "Option",
        "value": "10-200 uL / 96 wells"
      },
      {
        "name": "Option",
        "value": "1000 uL / 60 wells"
      }
    ],
    "manufacturer": "MISC",
    "manufacturerLocation": "India",
    "images": [
      "assets/images/Micropipette Tip Box.png"
    ],
    "status": "Active",
    "sortRank": 28
  },
  {
    "id": "TUBE-MICRO",
    "name": "MICROCENTRIFUGE TUBE",
    "brand": "MISC",
    "category": "Tubes and Dishes",
    "subcategory": "",
    "description": "Polypropylene microcentrifuge tubes in multiple sizes.",
    "specs": {
      "Material": "Polypropylene"
    },
    "priceExGst": null,
    "gstPercent": 18,
    "stockStatus": "In Stock",
    "packSize": "Varies",
    "minOrderQty": 1,
    "variants": [
      {
        "name": "Option",
        "value": "0.2 mL / 1000 pcs"
      },
      {
        "name": "Option",
        "value": "0.5 mL / 1000 pcs"
      },
      {
        "name": "Option",
        "value": "1.5 mL / 500 pcs"
      },
      {
        "name": "Option",
        "value": "2.0 mL / 500 pcs"
      }
    ],
    "manufacturer": "MISC",
    "manufacturerLocation": "India",
    "images": [
      "assets/images/Microcentrifuge Tube.png"
    ],
    "status": "Active",
    "sortRank": 29
  },
  {
    "id": "TUBE-CENTRIFUGE",
    "name": "CENTRIFUGE TUBE (BULK)",
    "brand": "MISC",
    "category": "Tubes and Dishes",
    "subcategory": "",
    "description": "Bulk centrifuge tubes for laboratory use.",
    "specs": {
      "Material": "Polypropylene"
    },
    "priceExGst": null,
    "gstPercent": 18,
    "stockStatus": "In Stock",
    "packSize": "Varies",
    "minOrderQty": 1,
    "variants": [
      {
        "name": "Option",
        "value": "15 mL / 100 pcs"
      },
      {
        "name": "Option",
        "value": "50 mL / 100 pcs"
      }
    ],
    "manufacturer": "MISC",
    "manufacturerLocation": "India",
    "images": [
      "assets/images/Centrifuge Tube.png"
    ],
    "status": "Active",
    "sortRank": 30
  },
  {
    "id": "PETRI-DISH",
    "name": "PETRI DISH",
    "brand": "MISC",
    "category": "Tubes and Dishes",
    "subcategory": "",
    "description": "Polypropylene petri dishes for culture growth.",
    "specs": {
      "Material": "Polypropylene"
    },
    "priceExGst": null,
    "gstPercent": 18,
    "stockStatus": "In Stock",
    "packSize": "Varies",
    "minOrderQty": 1,
    "variants": [
      {
        "name": "Option",
        "value": "90x15 mm / 450 pcs"
      },
      {
        "name": "Option",
        "value": "140x15 mm / 120 pcs"
      }
    ],
    "manufacturer": "MISC",
    "manufacturerLocation": "India",
    "images": [
      "assets/images/Petri_Dish.jpg"
    ],
    "status": "Active",
    "sortRank": 31
  },
  {
    "id": "GLASS-TUBE-RB",
    "name": "ROUND BOTTOM GLASS TEST TUBE",
    "brand": "MISC",
    "category": "Tubes and Dishes",
    "subcategory": "",
    "description": "Round bottom glass test tubes in standard sizes.",
    "specs": {
      "Material": "Glass"
    },
    "priceExGst": null,
    "gstPercent": 18,
    "stockStatus": "In Stock",
    "packSize": "Varies",
    "minOrderQty": 1,
    "variants": [
      {
        "name": "Option",
        "value": "12x75 mm / 500 pcs"
      },
      {
        "name": "Option",
        "value": "12x100 mm / 500 pcs"
      }
    ],
    "manufacturer": "MISC",
    "manufacturerLocation": "India",
    "images": [
      "assets/images/Round_Bottom_Glass_Test_Tube.jpg"
    ],
    "status": "Active",
    "sortRank": 32
  },
  {
    "id": "SWAB-WOOD",
    "name": "WOODEN SWAB STICK",
    "brand": "MISC",
    "category": "Swab Sticks",
    "subcategory": "",
    "description": "Wooden swab sticks in multiple pack types.",
    "specs": {
      "Material": "Wooden",
      "Length": "6 inch"
    },
    "priceExGst": null,
    "gstPercent": 18,
    "stockStatus": "In Stock",
    "packSize": "Varies",
    "minOrderQty": 1,
    "variants": [
      {
        "name": "Option",
        "value": "Bulk / 100 pcs"
      },
      {
        "name": "Option",
        "value": "Individual / 100 pcs"
      },
      {
        "name": "Option",
        "value": "Tube / 100 pcs"
      }
    ],
    "manufacturer": "MISC",
    "manufacturerLocation": "India",
    "images": [
      "assets/images/Wooden_Swab_Stick_With_Tube_6inch_10kb.jpg"
    ],
    "status": "Active",
    "sortRank": 33
  },
  {
    "id": "SWAB-PLASTIC",
    "name": "PLASTIC SWAB STICK",
    "brand": "MISC",
    "category": "Swab Sticks",
    "subcategory": "",
    "description": "Plastic swab sticks in multiple pack types.",
    "specs": {
      "Material": "Plastic",
      "Length": "6 inch"
    },
    "priceExGst": null,
    "gstPercent": 18,
    "stockStatus": "In Stock",
    "packSize": "Varies",
    "minOrderQty": 1,
    "variants": [
      {
        "name": "Option",
        "value": "Bulk / 100 pcs"
      },
      {
        "name": "Option",
        "value": "Individual / 100 pcs"
      },
      {
        "name": "Option",
        "value": "Tube / 100 pcs"
      }
    ],
    "manufacturer": "MISC",
    "manufacturerLocation": "India",
    "images": [
      "assets/images/Plastic Swab Stick.png",
      "assets/images/Plastic Swab Stick with Tube 6 inch.png"
    ],
    "status": "Active",
    "sortRank": 34
  },
  {
    "id": "COVER-GLASS",
    "name": "COVER GLASSES (IMPORTED)",
    "brand": "MISC",
    "category": "Glassware & Capillaries",
    "subcategory": "",
    "description": "Imported cover glasses for microscopy.",
    "specs": {
      "Size": "18x18 mm",
      "Material": "Glass"
    },
    "priceExGst": null,
    "gstPercent": 18,
    "stockStatus": "In Stock",
    "packSize": "10 pcs",
    "minOrderQty": 1,
    "variants": [],
    "manufacturer": "MISC",
    "manufacturerLocation": "India",
    "images": [
      "assets/images/placeholder.svg"
    ],
    "status": "Active",
    "sortRank": 35
  },
  {
    "id": "HAEMOMETER-TUBE",
    "name": "HAEMOMETER ROUND TUBE",
    "brand": "MISC",
    "category": "Glassware & Capillaries",
    "subcategory": "",
    "description": "Glass haemometer round tube.",
    "specs": {
      "Material": "Glass"
    },
    "priceExGst": null,
    "gstPercent": 18,
    "stockStatus": "In Stock",
    "packSize": "10 pcs",
    "minOrderQty": 1,
    "variants": [],
    "manufacturer": "MISC",
    "manufacturerLocation": "India",
    "images": [
      "assets/images/placeholder.svg"
    ],
    "status": "Active",
    "sortRank": 36
  },
  {
    "id": "CAP-HEPARIN",
    "name": "CAPILLARY TUBE SODIUM HEPARIN (RED CAP)",
    "brand": "MISC",
    "category": "Glassware & Capillaries",
    "subcategory": "",
    "description": "Capillary tube with sodium heparin, red cap.",
    "specs": {
      "Cap Color": "Red",
      "Material": "Glass"
    },
    "priceExGst": null,
    "gstPercent": 18,
    "stockStatus": "In Stock",
    "packSize": "100 pcs",
    "minOrderQty": 1,
    "variants": [],
    "manufacturer": "MISC",
    "manufacturerLocation": "India",
    "images": [
      "assets/images/Capillary_Tubes_Red_Cap_25kb.jpg"
    ],
    "status": "Active",
    "sortRank": 37
  },
  {
    "id": "CAP-NONHEPARIN",
    "name": "CAPILLARY TUBE SODIUM NON-HEPARIN (BLUE CAP)",
    "brand": "MISC",
    "category": "Glassware & Capillaries",
    "subcategory": "",
    "description": "Capillary tube without heparin, blue cap.",
    "specs": {
      "Cap Color": "Blue",
      "Material": "Glass"
    },
    "priceExGst": null,
    "gstPercent": 18,
    "stockStatus": "In Stock",
    "packSize": "100 pcs",
    "minOrderQty": 1,
    "variants": [],
    "manufacturer": "MISC",
    "manufacturerLocation": "India",
    "images": [
      "assets/images/Capillary_Tubes_Blue_Cap_25kb.jpg"
    ],
    "status": "Active",
    "sortRank": 38
  },
  {
    "id": "ESR-PIPETTE",
    "name": "DISPOSABLE ESR PIPETTE",
    "brand": "MISC",
    "category": "ESR & Accessories",
    "subcategory": "",
    "description": "Disposable ESR pipette, transparent.",
    "specs": {
      "Material": "Polystyrene",
      "Notes": "Transparent"
    },
    "priceExGst": null,
    "gstPercent": 18,
    "stockStatus": "In Stock",
    "packSize": "100 pcs",
    "minOrderQty": 1,
    "variants": [],
    "manufacturer": "MISC",
    "manufacturerLocation": "India",
    "images": [
      "assets/images/Disposable ESR Pipette.png"
    ],
    "status": "Active",
    "sortRank": 39
  },
  {
    "id": "ESR-WESTERGREN",
    "name": "ESR WESTERGREN",
    "brand": "MISC",
    "category": "ESR & Accessories",
    "subcategory": "",
    "description": "ESR Westergren tube, transparent.",
    "specs": {
      "Material": "Glass",
      "Notes": "Transparent"
    },
    "priceExGst": null,
    "gstPercent": 18,
    "stockStatus": "In Stock",
    "packSize": "24 pcs",
    "minOrderQty": 1,
    "variants": [],
    "manufacturer": "MISC",
    "manufacturerLocation": "India",
    "images": [
      "assets/images/ESR Westergren.png"
    ],
    "status": "Active",
    "sortRank": 40
  },
  {
    "id": "ESR-WINTHROBE",
    "name": "ESR WINTHROBE",
    "brand": "MISC",
    "category": "ESR & Accessories",
    "subcategory": "",
    "description": "ESR Winthrobe tube, transparent.",
    "specs": {
      "Material": "Glass",
      "Notes": "Transparent"
    },
    "priceExGst": null,
    "gstPercent": 18,
    "stockStatus": "In Stock",
    "packSize": "200 pcs",
    "minOrderQty": 1,
    "variants": [],
    "manufacturer": "MISC",
    "manufacturerLocation": "India",
    "images": [
      "assets/images/ESR Winthrobe.png"
    ],
    "status": "Active",
    "sortRank": 41
  },
  {
    "id": "ESR-STAND-DISPOSABLE",
    "name": "DISPOSABLE ESR STAND",
    "brand": "MISC",
    "category": "ESR & Accessories",
    "subcategory": "",
    "description": "Disposable ESR stand.",
    "specs": {
      "Material": "Plastic",
      "Capacity": "12 holes"
    },
    "priceExGst": null,
    "gstPercent": 18,
    "stockStatus": "In Stock",
    "packSize": "Per piece",
    "minOrderQty": 1,
    "variants": [],
    "manufacturer": "MISC",
    "manufacturerLocation": "India",
    "images": [
      "assets/images/Disposable ESR Stand.png"
    ],
    "status": "Active",
    "sortRank": 42
  },
  {
    "id": "ESR-STAND-WESTERGREN",
    "name": "ESR WESTERGREN STAND",
    "brand": "MISC",
    "category": "ESR & Accessories",
    "subcategory": "",
    "description": "ESR Westergren stand.",
    "specs": {
      "Material": "Iron",
      "Capacity": "6 holes"
    },
    "priceExGst": null,
    "gstPercent": 18,
    "stockStatus": "In Stock",
    "packSize": "Per piece",
    "minOrderQty": 1,
    "variants": [],
    "manufacturer": "MISC",
    "manufacturerLocation": "India",
    "images": [
      "assets/images/ESR Westergren Stand.png"
    ],
    "status": "Active",
    "sortRank": 43
  },
  {
    "id": "ESR-STAND-WINTHROBE",
    "name": "ESR WINTHROBE STAND",
    "brand": "MISC",
    "category": "ESR & Accessories",
    "subcategory": "",
    "description": "ESR Winthrobe stand.",
    "specs": {
      "Material": "Iron",
      "Capacity": "6 holes"
    },
    "priceExGst": null,
    "gstPercent": 18,
    "stockStatus": "In Stock",
    "packSize": "Per piece",
    "minOrderQty": 1,
    "variants": [],
    "manufacturer": "MISC",
    "manufacturerLocation": "India",
    "images": [
      "assets/images/ESR Winthrobe Stand.png"
    ],
    "status": "Active",
    "sortRank": 44
  },
  {
    "id": "K3-EDTA-VIAL",
    "name": "K3 EDTA VIAL",
    "brand": "MISC",
    "category": "Blood Collection & RIA Vials",
    "subcategory": "",
    "description": "K3 EDTA vial, double non-vacuum cap.",
    "specs": {
      "Size": "13x75 mm",
      "Capacity": "2 mL",
      "Cap Type": "Double, Non-vacuum",
      "Material": "Plastic"
    },
    "priceExGst": null,
    "gstPercent": 18,
    "stockStatus": "In Stock",
    "packSize": "100 pcs",
    "minOrderQty": 1,
    "variants": [],
    "manufacturer": "MISC",
    "manufacturerLocation": "India",
    "images": [
      "assets/images/K3 EDTA Vial.png"
    ],
    "status": "Active",
    "sortRank": 45
  },
  {
    "id": "CLOT-ACTIVATOR",
    "name": "CLOT ACTIVATOR",
    "brand": "MISC",
    "category": "Blood Collection & RIA Vials",
    "subcategory": "",
    "description": "Clot activator vial, double non-vacuum cap.",
    "specs": {
      "Size": "13x75 mm",
      "Capacity": "4 mL",
      "Cap Type": "Double, Non-vacuum",
      "Material": "Plastic"
    },
    "priceExGst": null,
    "gstPercent": 18,
    "stockStatus": "In Stock",
    "packSize": "100 pcs",
    "minOrderQty": 1,
    "variants": [],
    "manufacturer": "MISC",
    "manufacturerLocation": "India",
    "images": [
      "assets/images/Clot Activator.png"
    ],
    "status": "Active",
    "sortRank": 46
  },
  {
    "id": "FLUORIDE-OXALATE",
    "name": "FLUORIDE OXALATE",
    "brand": "MISC",
    "category": "Blood Collection & RIA Vials",
    "subcategory": "",
    "description": "Fluoride oxalate vial, double non-vacuum cap.",
    "specs": {
      "Size": "13x75 mm",
      "Capacity": "2 mL",
      "Cap Type": "Double, Non-vacuum",
      "Material": "Plastic"
    },
    "priceExGst": null,
    "gstPercent": 18,
    "stockStatus": "In Stock",
    "packSize": "100 pcs",
    "minOrderQty": 1,
    "variants": [],
    "manufacturer": "MISC",
    "manufacturerLocation": "India",
    "images": [
      "assets/images/Fluoride Oxalate.png"
    ],
    "status": "Active",
    "sortRank": 47
  }
]
